timestamp,ID,RSSI,SNR
2023-01-16 14:16:39.516837,25,-94.00,8.75
2023-01-16 14:16:39.593679,18,-61.00,9.0
2023-01-16 14:16:39.629446,25,-94.00,8.75
2023-01-16 14:16:39.706875,18,-61.00,9.75
2023-01-16 14:16:39.742543,25,-94.00,8.75
2023-01-16 14:16:39.819772,18,-61.00,9.5
2023-01-16 14:16:39.856630,25,-94.00,8.75
2023-01-16 14:16:39.932800,18,-61.00,10.0
2023-01-16 14:16:39.968431,25,-94.00,8.75
2023-01-16 14:16:40.045702,18,-61.00,9.25
2023-01-16 14:16:40.081736,25,-94.00,8.75
2023-01-16 14:16:40.158638,18,-61.00,9.25
2023-01-16 14:16:40.194576,25,-94.00,9.0
2023-01-16 14:16:40.271918,18,-61.00,10.0
2023-01-16 14:16:40.309109,25,-94.00,8.75
2023-01-16 14:16:40.384599,18,-61.00,9.5
2023-01-16 14:16:40.420479,25,-94.00,9.0
2023-01-16 14:16:40.497799,18,-61.00,9.75
2023-01-16 14:16:40.533634,25,-94.00,8.75
2023-01-16 14:16:40.610643,18,-61.00,9.5
2023-01-16 14:16:40.646628,25,-94.00,8.75
2023-01-16 14:16:40.723731,18,-61.00,9.25
2023-01-16 14:16:40.759463,25,-94.00,8.75
2023-01-16 14:16:40.836664,18,-61.00,9.25
2023-01-16 14:16:40.873453,25,-94.00,8.5
2023-01-16 14:16:40.949874,18,-61.00,9.25
2023-01-16 14:16:40.985413,25,-94.00,9.0
2023-01-16 14:16:41.062677,18,-61.00,9.25
2023-01-16 14:16:41.100087,25,-94.00,8.75
2023-01-16 14:16:41.175759,18,-61.00,9.0
2023-01-16 14:16:41.211484,25,-94.00,8.75
2023-01-16 14:16:41.288747,18,-61.00,9.25
2023-01-16 14:16:41.325060,25,-94.00,8.5
2023-01-16 14:16:41.401692,18,-61.00,9.0
2023-01-16 14:16:41.437459,25,-94.00,8.75
2023-01-16 14:16:41.514713,18,-61.00,9.5
2023-01-16 14:16:41.550799,25,-94.00,9.0
2023-01-16 14:16:41.627952,18,-61.00,9.5
2023-01-16 14:16:41.665211,25,-94.00,9.0
2023-01-16 14:16:41.740798,18,-61.00,9.25
2023-01-16 14:16:41.776646,25,-94.00,8.75
2023-01-16 14:16:41.853648,18,-61.00,9.5
2023-01-16 14:16:41.891107,25,-94.00,8.75
2023-01-16 14:16:41.966913,18,-61.00,9.75
2023-01-16 14:16:42.002487,25,-94.00,8.75
2023-01-16 14:16:42.079667,18,-61.00,9.25
2023-01-16 14:16:42.115702,25,-94.00,8.75
2023-01-16 14:16:42.192739,18,-61.00,9.25
2023-01-16 14:16:42.228512,25,-94.00,8.75
2023-01-16 14:16:42.305754,18,-61.00,9.5
2023-01-16 14:16:42.341390,25,-94.00,8.5
2023-01-16 14:16:42.418667,18,-61.00,9.0
2023-01-16 14:16:42.454465,25,-94.00,8.5
2023-01-16 14:16:42.531778,18,-61.00,9.25
2023-01-16 14:16:42.567508,25,-94.00,9.0
2023-01-16 14:16:42.644805,18,-61.00,9.25
2023-01-16 14:16:42.681552,25,-94.00,8.5
2023-01-16 14:16:42.757687,18,-61.00,9.5
2023-01-16 14:16:42.793489,25,-94.00,9.0
2023-01-16 14:16:42.870666,18,-61.00,9.25
2023-01-16 14:16:42.906545,25,-94.00,8.75
2023-01-16 14:16:42.983741,18,-61.00,9.75
2023-01-16 14:16:43.020423,25,-94.00,8.75
2023-01-16 14:16:43.096874,18,-61.00,9.5
2023-01-16 14:16:43.132672,25,-94.00,8.75
2023-01-16 14:16:43.209666,18,-61.00,9.25
2023-01-16 14:16:43.245306,25,-94.00,9.0
2023-01-16 14:16:43.322762,18,-61.00,9.25
2023-01-16 14:16:43.360430,25,-94.00,9.0
2023-01-16 14:16:43.435766,18,-61.00,9.5
2023-01-16 14:16:43.473503,25,-94.00,8.75
2023-01-16 14:16:43.548646,18,-61.00,9.0
2023-01-16 14:16:43.584400,25,-94.00,9.0
2023-01-16 14:16:43.661653,18,-61.00,9.25
2023-01-16 14:16:43.699635,25,-94.00,8.75
2023-01-16 14:16:43.774901,18,-61.00,9.25
2023-01-16 14:16:43.810414,25,-94.00,9.0
2023-01-16 14:16:43.887704,18,-61.00,9.5
2023-01-16 14:16:43.925030,25,-94.00,8.5
2023-01-16 14:16:44.000727,18,-61.00,8.75
2023-01-16 14:16:44.036397,25,-94.00,9.0
2023-01-16 14:16:44.113717,18,-61.00,9.25
2023-01-16 14:16:44.149878,25,-94.00,8.75
2023-01-16 14:16:44.226641,18,-61.00,9.5
2023-01-16 14:16:44.262561,25,-94.00,9.0
2023-01-16 14:16:44.339747,18,-61.00,9.25
2023-01-16 14:16:44.375499,25,-94.00,8.75
2023-01-16 14:16:44.452582,18,-61.00,9.0
2023-01-16 14:16:44.489922,25,-93.00,9.25
2023-01-16 14:16:44.565825,18,-61.00,9.0
2023-01-16 14:16:44.601426,25,-94.00,8.75
2023-01-16 14:16:44.678663,18,-61.00,9.5
2023-01-16 14:16:44.716682,25,-94.00,9.0
2023-01-16 14:16:44.791588,18,-56.00,8.0
2023-01-16 14:16:44.827701,25,-94.00,9.0
2023-01-16 14:16:44.904634,18,-61.00,9.5
2023-01-16 14:16:44.941241,25,-94.00,8.5
2023-01-16 14:16:45.017630,18,-61.00,9.5
2023-01-16 14:16:45.053285,25,-94.00,8.75
2023-01-16 14:16:45.130692,18,-61.00,9.0
2023-01-16 14:16:45.166695,25,-94.00,9.0
2023-01-16 14:16:45.243661,18,-61.00,8.75
2023-01-16 14:16:45.279387,25,-94.00,8.5
2023-01-16 14:16:45.356679,18,-61.00,8.75
2023-01-16 14:16:45.392751,25,-94.00,8.5
2023-01-16 14:16:45.469652,18,-61.00,9.25
2023-01-16 14:16:45.507305,25,-94.00,8.75
2023-01-16 14:16:45.582703,18,-61.00,9.25
2023-01-16 14:16:45.618827,25,-94.00,8.75
2023-01-16 14:16:45.695521,18,-61.00,9.5
2023-01-16 14:16:45.732421,25,-94.00,9.0
2023-01-16 14:16:45.808819,18,-61.00,9.5
2023-01-16 14:16:45.844370,25,-94.00,8.75
2023-01-16 14:16:45.921743,18,-61.00,9.25
2023-01-16 14:16:45.957746,25,-94.00,8.75
2023-01-16 14:16:46.034647,18,-61.00,9.5
2023-01-16 14:16:46.070598,25,-94.00,9.0
2023-01-16 14:16:46.147730,18,-61.00,9.5
2023-01-16 14:16:46.183585,25,-94.00,8.5
2023-01-16 14:16:46.260525,18,-61.00,9.25
2023-01-16 14:16:46.296829,25,-94.00,9.0
2023-01-16 14:16:46.373742,18,-61.00,9.5
2023-01-16 14:16:46.409681,25,-94.00,9.0
2023-01-16 14:16:46.486611,18,-61.00,9.0
2023-01-16 14:16:46.524321,25,-94.00,8.75
2023-01-16 14:16:46.599742,18,-61.00,9.0
2023-01-16 14:16:46.636977,25,-93.00,8.75
2023-01-16 14:16:46.712605,18,-61.00,9.25
2023-01-16 14:16:46.748419,25,-94.00,8.75
2023-01-16 14:16:46.825697,18,-61.00,9.75
2023-01-16 14:16:46.861386,25,-94.00,8.75
2023-01-16 14:16:46.938933,18,-61.00,9.0
2023-01-16 14:16:46.974552,25,-93.00,8.75
2023-01-16 14:16:47.051646,18,-61.00,9.25
2023-01-16 14:16:47.087334,25,-94.00,8.75
2023-01-16 14:16:47.164533,18,-61.00,9.25
2023-01-16 14:16:47.200738,25,-94.00,9.0
2023-01-16 14:16:47.277598,18,-61.00,9.5
2023-01-16 14:16:47.315077,25,-94.00,8.75
2023-01-16 14:16:47.390811,18,-61.00,8.75
2023-01-16 14:16:47.426342,25,-94.00,9.25
2023-01-16 14:16:47.503596,18,-61.00,9.25
2023-01-16 14:16:47.541573,25,-94.00,8.75
2023-01-16 14:16:47.616663,18,-61.00,9.75
2023-01-16 14:16:47.652485,25,-94.00,8.75
2023-01-16 14:16:47.729773,18,-61.00,9.25
2023-01-16 14:16:47.767394,25,-94.00,8.75
2023-01-16 14:16:47.842556,18,-61.00,9.0
2023-01-16 14:16:47.878359,25,-94.00,8.75
2023-01-16 14:16:47.955648,18,-61.00,9.5
2023-01-16 14:16:47.991602,25,-94.00,8.25
2023-01-16 14:16:48.068653,18,-61.00,9.5
2023-01-16 14:16:48.104286,25,-94.00,8.75
2023-01-16 14:16:48.181701,18,-61.00,9.25
2023-01-16 14:16:48.217438,25,-94.00,9.0
2023-01-16 14:16:48.294575,18,-61.00,9.0
2023-01-16 14:16:48.332567,25,-94.00,9.0
2023-01-16 14:16:48.408314,18,-61.00,9.25
2023-01-16 14:16:48.443582,25,-94.00,9.0
2023-01-16 14:16:48.520594,18,-61.00,9.75
2023-01-16 14:16:48.558509,25,-94.00,8.75
2023-01-16 14:16:48.633749,18,-61.00,9.25
2023-01-16 14:16:48.669333,25,-94.00,8.75
2023-01-16 14:16:48.746774,18,-61.00,9.75
2023-01-16 14:16:48.782883,25,-94.00,8.5
2023-01-16 14:16:48.859603,18,-61.00,9.0
2023-01-16 14:16:48.895341,25,-94.00,9.0
2023-01-16 14:16:48.972705,18,-61.00,9.25
2023-01-16 14:16:49.008375,25,-93.00,9.0
2023-01-16 14:16:49.085570,18,-61.00,9.5
2023-01-16 14:16:49.121377,25,-94.00,8.75
2023-01-16 14:16:49.198759,18,-61.00,9.0
2023-01-16 14:16:49.234346,25,-94.00,9.0
2023-01-16 14:16:49.311595,18,-61.00,9.0
2023-01-16 14:16:49.348984,25,-94.00,9.0
2023-01-16 14:16:49.424654,18,-61.00,9.0
2023-01-16 14:16:49.460366,25,-94.00,9.0
2023-01-16 14:16:49.537588,18,-61.00,9.5
2023-01-16 14:16:49.573951,25,-94.00,9.0
2023-01-16 14:16:49.650584,18,-61.00,9.5
2023-01-16 14:16:49.686416,25,-94.00,8.75
2023-01-16 14:16:49.763581,18,-61.00,9.5
2023-01-16 14:16:49.799861,25,-94.00,8.5
2023-01-16 14:16:49.876587,18,-61.00,9.5
2023-01-16 14:16:49.912316,25,-94.00,8.75
2023-01-16 14:16:49.989712,18,-61.00,9.5
2023-01-16 14:16:50.025355,25,-94.00,8.75
2023-01-16 14:16:50.102577,18,-61.00,9.75
2023-01-16 14:16:50.139787,25,-94.00,8.5
2023-01-16 14:16:50.215804,18,-61.00,9.5
2023-01-16 14:16:50.251211,25,-94.00,9.0
2023-01-16 14:16:50.328532,18,-61.00,9.25
2023-01-16 14:16:50.365913,25,-94.00,8.75
2023-01-16 14:16:50.441571,18,-61.00,9.25
2023-01-16 14:16:50.478035,25,-94.00,8.75
2023-01-16 14:16:50.554738,18,-61.00,9.25
2023-01-16 14:16:50.590598,25,-94.00,8.75
2023-01-16 14:16:50.667539,18,-61.00,9.5
2023-01-16 14:16:50.703296,25,-94.00,9.0
2023-01-16 14:16:50.780599,18,-61.00,9.0
2023-01-16 14:16:50.816606,25,-94.00,9.0
2023-01-16 14:16:50.893555,18,-61.00,8.5
2023-01-16 14:16:50.929823,25,-94.00,8.75
2023-01-16 14:16:51.006541,18,-61.00,9.5
2023-01-16 14:16:51.042307,25,-94.00,9.0
2023-01-16 14:16:51.119502,18,-61.00,9.0
2023-01-16 14:16:51.157556,25,-94.00,9.5
2023-01-16 14:16:51.232583,18,-61.00,9.25
2023-01-16 14:16:51.268383,25,-94.00,8.5
2023-01-16 14:16:51.345556,18,-61.00,9.5
2023-01-16 14:16:51.382924,25,-94.00,8.5
2023-01-16 14:16:51.458577,18,-61.00,9.5
2023-01-16 14:16:51.494402,25,-94.00,9.0
2023-01-16 14:16:51.571741,18,-61.00,9.5
2023-01-16 14:16:51.607602,25,-94.00,9.0
2023-01-16 14:16:51.684544,18,-61.00,9.5
2023-01-16 14:16:51.720340,25,-94.00,8.75
2023-01-16 14:16:51.797645,18,-61.00,9.0
2023-01-16 14:16:51.833409,25,-94.00,8.75
2023-01-16 14:16:51.910553,18,-61.00,9.5
2023-01-16 14:16:51.947275,25,-94.00,8.75
2023-01-16 14:16:52.023641,18,-61.00,9.0
2023-01-16 14:16:52.059215,25,-94.00,8.5
2023-01-16 14:16:52.136538,18,-61.00,9.5
2023-01-16 14:16:52.174777,25,-94.00,9.0
2023-01-16 14:16:52.249575,18,-61.00,9.5
2023-01-16 14:16:52.285224,25,-94.00,8.75
2023-01-16 14:16:52.362508,18,-61.00,9.0
2023-01-16 14:16:52.399264,25,-94.00,8.5
2023-01-16 14:16:52.475535,18,-61.00,8.75
2023-01-16 14:16:52.511471,25,-94.00,9.0
2023-01-16 14:16:52.589580,18,-61.00,9.25
2023-01-16 14:16:52.624522,25,-94.00,8.75
2023-01-16 14:16:52.701541,18,-61.00,9.25
2023-01-16 14:16:52.737195,25,-94.00,9.0
2023-01-16 14:16:52.814611,18,-61.00,8.75
2023-01-16 14:16:52.850719,25,-94.00,8.5
2023-01-16 14:16:52.927480,18,-61.00,9.25
2023-01-16 14:16:52.965301,25,-94.00,9.25
2023-01-16 14:16:53.040541,18,-61.00,9.0
2023-01-16 14:16:53.076187,25,-94.00,8.75
2023-01-16 14:16:53.153525,18,-61.00,9.75
2023-01-16 14:16:53.189379,25,-94.00,8.25
2023-01-16 14:16:53.266899,18,-61.00,9.25
2023-01-16 14:16:53.302643,25,-94.00,9.25
2023-01-16 14:16:53.379642,18,-61.00,9.25
2023-01-16 14:16:53.415368,25,-94.00,8.75
2023-01-16 14:16:53.492585,18,-61.00,9.25
2023-01-16 14:16:53.528334,25,-94.00,8.75
2023-01-16 14:16:53.605608,18,-61.00,9.25
2023-01-16 14:16:53.641679,25,-94.00,9.0
2023-01-16 14:16:53.718533,18,-61.00,9.25
2023-01-16 14:16:53.759026,25,-94.00,8.25
2023-01-16 14:16:53.831679,18,-61.00,9.25
2023-01-16 14:16:53.867366,25,-94.00,9.0
2023-01-16 14:16:53.944524,18,-61.00,9.25
2023-01-16 14:16:53.982300,25,-94.00,8.75
2023-01-16 14:16:54.057635,18,-61.00,9.25
2023-01-16 14:16:54.093346,25,-94.00,8.5
2023-01-16 14:16:54.170543,18,-61.00,9.0
2023-01-16 14:16:54.207096,25,-94.00,9.0
2023-01-16 14:16:54.283550,18,-61.00,9.25
2023-01-16 14:16:54.319526,25,-94.00,9.25
2023-01-16 14:16:54.396705,18,-61.00,9.25
2023-01-16 14:16:54.433576,25,-94.00,8.75
2023-01-16 14:16:54.509531,18,-61.00,9.0
2023-01-16 14:16:54.545306,25,-94.00,8.5
2023-01-16 14:16:54.623689,18,-61.00,9.25
2023-01-16 14:16:54.658140,25,-94.00,8.75
2023-01-16 14:16:54.735580,18,-61.00,10.0
2023-01-16 14:16:54.771339,25,-94.00,9.0
2023-01-16 14:16:54.848531,18,-62.00,9.25
2023-01-16 14:16:54.884194,25,-94.00,8.75
2023-01-16 14:16:54.961528,18,-61.00,9.5
2023-01-16 14:16:54.998998,25,-94.00,9.0
2023-01-16 14:16:55.074492,18,-61.00,9.5
2023-01-16 14:16:55.110160,25,-94.00,8.25
2023-01-16 14:16:55.187487,18,-61.00,9.75
2023-01-16 14:16:55.224662,25,-94.00,8.75
2023-01-16 14:16:55.300561,18,-61.00,8.75
2023-01-16 14:16:55.336286,25,-94.00,8.5
2023-01-16 14:16:55.413670,18,-61.00,9.25
2023-01-16 14:16:55.451469,25,-94.00,9.0
2023-01-16 14:16:55.526476,18,-61.00,9.25
2023-01-16 14:16:55.562179,25,-94.00,8.75
2023-01-16 14:16:55.639538,18,-61.00,9.5
2023-01-16 14:16:55.675297,25,-94.00,8.75
2023-01-16 14:16:55.752426,18,-61.00,9.5
2023-01-16 14:16:55.789900,25,-94.00,8.75
2023-01-16 14:16:55.865718,18,-61.00,9.5
2023-01-16 14:16:55.901146,25,-94.00,8.75
2023-01-16 14:16:55.978458,18,-61.00,9.5
2023-01-16 14:16:56.016511,25,-94.00,8.75
2023-01-16 14:16:56.091546,18,-61.00,9.5
2023-01-16 14:16:56.127352,25,-94.00,8.75
2023-01-16 14:16:56.204466,18,-61.00,9.75
2023-01-16 14:16:56.240380,25,-94.00,8.75
2023-01-16 14:16:56.317639,18,-61.00,9.5
2023-01-16 14:16:56.355059,25,-94.00,8.75
2023-01-16 14:16:56.430572,18,-61.00,9.0
2023-01-16 14:16:56.466643,25,-94.00,8.5
2023-01-16 14:16:56.543537,18,-61.00,9.25
2023-01-16 14:16:56.580935,25,-94.00,8.75
2023-01-16 14:16:56.656898,18,-61.00,9.0
2023-01-16 14:16:56.693689,25,-94.00,8.75
2023-01-16 14:16:56.769531,18,-61.00,9.25
2023-01-16 14:16:56.806728,25,-94.00,8.75
2023-01-16 14:16:56.882510,18,-61.00,9.25
2023-01-16 14:16:56.918954,25,-94.00,8.5
2023-01-16 14:16:56.995479,18,-61.00,9.75
2023-01-16 14:16:57.031428,25,-94.00,8.75
2023-01-16 14:16:57.108692,18,-61.00,9.25
2023-01-16 14:16:57.144294,25,-94.00,8.5
2023-01-16 14:16:57.222080,18,-61.00,9.5
2023-01-16 14:16:57.334516,18,-53.00,7.75
2023-01-16 14:16:57.370307,25,-94.00,9.0
2023-01-16 14:16:57.447607,18,-61.00,9.25
2023-01-16 14:16:57.483738,25,-94.00,8.75
2023-01-16 14:16:57.560579,18,-61.00,9.5
2023-01-16 14:16:57.598881,25,-94.00,8.5
2023-01-16 14:16:57.673628,18,-61.00,9.25
2023-01-16 14:16:57.713168,25,-94.00,8.75
2023-01-16 14:16:57.786477,18,-61.00,9.25
2023-01-16 14:16:57.824350,25,-94.00,8.75
2023-01-16 14:16:57.899455,18,-61.00,9.75
2023-01-16 14:16:57.936265,25,-94.00,8.75
2023-01-16 14:16:58.012407,18,-61.00,9.0
2023-01-16 14:16:58.049231,25,-94.00,9.0
2023-01-16 14:16:58.125450,18,-61.00,9.0
2023-01-16 14:16:58.161214,25,-94.00,9.25
2023-01-16 14:16:58.238506,18,-61.00,9.5
2023-01-16 14:16:58.274885,25,-94.00,8.75
2023-01-16 14:16:58.351463,18,-61.00,9.5
2023-01-16 14:16:58.387178,25,-94.00,8.75
2023-01-16 14:16:58.464968,18,-61.00,9.25
2023-01-16 14:16:58.500358,25,-94.00,8.75
2023-01-16 14:16:58.577450,18,-61.00,9.0
2023-01-16 14:16:58.614489,25,-94.00,8.75
2023-01-16 14:16:58.690388,18,-61.00,9.0
2023-01-16 14:16:58.726243,25,-94.00,8.75
2023-01-16 14:16:58.804000,18,-61.00,9.0
2023-01-16 14:16:58.840680,25,-94.00,8.75
2023-01-16 14:16:58.916469,18,-61.00,9.25
2023-01-16 14:16:58.952117,25,-94.00,8.75
2023-01-16 14:16:59.029609,18,-61.00,9.25
2023-01-16 14:16:59.065213,25,-94.00,8.75
2023-01-16 14:16:59.142492,18,-61.00,9.25
2023-01-16 14:16:59.180244,25,-94.00,8.75
2023-01-16 14:16:59.255599,18,-61.00,9.0
2023-01-16 14:16:59.291158,25,-94.00,8.75
2023-01-16 14:16:59.368630,18,-61.00,8.75
2023-01-16 14:16:59.404442,25,-94.00,8.5
2023-01-16 14:16:59.481505,18,-61.00,9.0
2023-01-16 14:16:59.518765,25,-94.00,8.75
2023-01-16 14:16:59.594455,18,-61.00,9.25
2023-01-16 14:16:59.633043,25,-94.00,9.0
2023-01-16 14:16:59.708055,18,-61.00,9.25
2023-01-16 14:16:59.743228,25,-94.00,8.75
2023-01-16 14:16:59.820523,18,-61.00,9.5
2023-01-16 14:16:59.860106,25,-94.00,8.75
2023-01-16 14:16:59.933829,18,-61.00,9.0
2023-01-16 14:16:59.969353,25,-94.00,9.0
2023-01-16 14:17:00.049313,18,-61.00,9.0
2023-01-16 14:17:00.083080,25,-94.00,8.75
2023-01-16 14:17:00.159499,18,-61.00,9.0
2023-01-16 14:17:00.195654,25,-94.00,8.75
2023-01-16 14:17:00.274383,18,-61.00,8.75
2023-01-16 14:17:00.308703,25,-94.00,8.75
2023-01-16 14:17:00.385632,18,-61.00,9.25
2023-01-16 14:17:00.424413,25,-94.00,8.5
2023-01-16 14:17:00.498534,18,-61.00,9.0
2023-01-16 14:17:00.534247,25,-94.00,8.75
2023-01-16 14:17:00.611447,18,-61.00,9.5
2023-01-16 14:17:00.649543,25,-94.00,9.0
2023-01-16 14:17:00.724518,18,-61.00,9.5
2023-01-16 14:17:00.760065,25,-94.00,9.0
2023-01-16 14:17:00.837415,18,-61.00,9.0
2023-01-16 14:17:00.873113,25,-94.00,9.0
2023-01-16 14:17:00.950806,18,-61.00,9.5
2023-01-16 14:17:00.986603,25,-94.00,9.0
2023-01-16 14:17:01.063586,18,-61.00,9.25
2023-01-16 14:17:01.099118,25,-94.00,8.75
2023-01-16 14:17:01.176472,18,-61.00,9.25
2023-01-16 14:17:01.212111,25,-94.00,8.75
2023-01-16 14:17:01.289439,18,-61.00,9.5
2023-01-16 14:17:01.325313,25,-94.00,8.75
2023-01-16 14:17:01.402568,18,-61.00,10.0
2023-01-16 14:17:01.439672,25,-94.00,9.0
2023-01-16 14:17:01.515649,18,-61.00,9.5
2023-01-16 14:17:01.551141,25,-94.00,9.0
2023-01-16 14:17:01.628473,18,-61.00,9.25
2023-01-16 14:17:01.665563,25,-94.00,8.75
2023-01-16 14:17:01.741392,18,-61.00,9.25
2023-01-16 14:17:01.777315,25,-94.00,8.75
2023-01-16 14:17:01.854640,18,-61.00,9.25
2023-01-16 14:17:01.890698,25,-94.00,8.75
2023-01-16 14:17:01.967330,18,-61.00,9.25
2023-01-16 14:17:02.003123,25,-94.00,9.0
2023-01-16 14:17:02.080472,18,-61.00,9.5
2023-01-16 14:17:02.116483,25,-94.00,8.75
2023-01-16 14:17:02.193440,18,-61.00,9.0
2023-01-16 14:17:02.229326,25,-94.00,8.75
2023-01-16 14:17:02.306502,18,-61.00,9.0
2023-01-16 14:17:02.342221,25,-94.00,8.75
2023-01-16 14:17:02.419516,18,-61.00,9.0
2023-01-16 14:17:02.457245,25,-94.00,8.75
2023-01-16 14:17:02.532867,18,-61.00,9.5
2023-01-16 14:17:02.568152,25,-94.00,8.75
2023-01-16 14:17:02.645355,18,-61.00,9.5
2023-01-16 14:17:02.682003,25,-94.00,8.5
2023-01-16 14:17:02.758448,18,-61.00,9.5
2023-01-16 14:17:02.794234,25,-94.00,8.75
2023-01-16 14:17:02.871418,18,-61.00,9.25
2023-01-16 14:17:02.907107,25,-94.00,9.0
2023-01-16 14:17:02.984346,18,-61.00,9.5
2023-01-16 14:17:03.020193,25,-94.00,8.75
2023-01-16 14:17:03.097412,18,-61.00,9.25
2023-01-16 14:17:03.133271,25,-94.00,8.75
2023-01-16 14:17:03.210560,18,-61.00,9.25
2023-01-16 14:17:03.247161,25,-94.00,9.5
2023-01-16 14:17:03.323572,18,-61.00,9.5
2023-01-16 14:17:03.359146,25,-94.00,9.0
2023-01-16 14:17:03.436333,18,-61.00,9.0
2023-01-16 14:17:03.474376,25,-94.00,9.25
2023-01-16 14:17:03.549424,18,-61.00,9.25
2023-01-16 14:17:03.585124,25,-94.00,8.75
2023-01-16 14:17:03.662428,18,-61.00,9.0
2023-01-16 14:17:03.699479,25,-94.00,8.75
2023-01-16 14:17:03.775300,18,-61.00,9.25
2023-01-16 14:17:03.811040,25,-94.00,9.25
2023-01-16 14:17:03.888502,18,-61.00,9.25
2023-01-16 14:17:03.924297,25,-94.00,8.75
2023-01-16 14:17:04.001425,18,-61.00,9.5
2023-01-16 14:17:04.037105,25,-94.00,9.0
2023-01-16 14:17:04.114416,18,-61.00,8.5
2023-01-16 14:17:04.150407,25,-94.00,9.0
2023-01-16 14:17:04.227308,18,-61.00,9.25
2023-01-16 14:17:04.265350,25,-93.00,8.75
2023-01-16 14:17:04.340482,18,-61.00,9.5
2023-01-16 14:17:04.376163,25,-94.00,9.0
2023-01-16 14:17:04.453439,18,-61.00,9.0
2023-01-16 14:17:04.490921,25,-94.00,8.75
2023-01-16 14:17:04.566465,18,-61.00,9.5
2023-01-16 14:17:04.602142,25,-94.00,9.0
2023-01-16 14:17:04.681254,18,-61.00,9.25
2023-01-16 14:17:04.715750,25,-93.00,8.75
2023-01-16 14:17:04.792545,18,-61.00,8.75
2023-01-16 14:17:04.828137,25,-94.00,8.75
2023-01-16 14:17:04.905482,18,-61.00,9.25
2023-01-16 14:17:04.941383,25,-94.00,8.75
2023-01-16 14:17:05.018422,18,-61.00,9.25
2023-01-16 14:17:05.054158,25,-94.00,9.25
2023-01-16 14:17:05.131426,18,-61.00,9.25
2023-01-16 14:17:05.167124,25,-94.00,9.0
2023-01-16 14:17:05.244338,18,-61.00,9.0
2023-01-16 14:17:05.280989,25,-94.00,8.75
2023-01-16 14:17:05.357548,18,-61.00,9.25
2023-01-16 14:17:05.393942,25,-94.00,8.75
2023-01-16 14:17:05.470331,18,-61.00,9.0
2023-01-16 14:17:05.507542,25,-94.00,8.75
2023-01-16 14:17:05.583369,18,-61.00,9.0
2023-01-16 14:17:05.625074,25,-94.00,8.75
2023-01-16 14:17:05.696420,18,-61.00,9.25
2023-01-16 14:17:05.732917,25,-94.00,8.75
2023-01-16 14:17:05.810905,18,-61.00,9.5
2023-01-16 14:17:05.845060,25,-94.00,8.75
2023-01-16 14:17:05.922451,18,-61.00,9.0
2023-01-16 14:17:05.958293,25,-94.00,8.5
2023-01-16 14:17:06.035482,18,-61.00,9.25
2023-01-16 14:17:06.073217,25,-94.00,9.25
2023-01-16 14:17:06.148623,18,-61.00,9.5
2023-01-16 14:17:06.184020,25,-94.00,8.75
2023-01-16 14:17:06.261402,18,-61.00,8.75
2023-01-16 14:17:06.298815,25,-94.00,8.5
2023-01-16 14:17:06.375538,18,-61.00,9.25
2023-01-16 14:17:06.410060,25,-94.00,9.0
2023-01-16 14:17:06.487668,18,-61.00,9.25
2023-01-16 14:17:06.523380,25,-94.00,8.75
2023-01-16 14:17:06.600412,18,-61.00,9.25
2023-01-16 14:17:06.636047,25,-94.00,9.25
2023-01-16 14:17:06.713445,18,-61.00,9.25
2023-01-16 14:17:06.749492,25,-94.00,8.75
2023-01-16 14:17:06.826425,18,-61.00,9.0
2023-01-16 14:17:06.862133,25,-94.00,9.0
2023-01-16 14:17:06.939409,18,-61.00,9.5
2023-01-16 14:17:06.975180,25,-94.00,8.75
2023-01-16 14:17:07.052420,18,-61.00,9.0
2023-01-16 14:17:07.088908,25,-94.00,9.0
2023-01-16 14:17:07.165646,18,-61.00,9.25
2023-01-16 14:17:07.201290,25,-94.00,8.75
2023-01-16 14:17:07.278297,18,-61.00,9.0
2023-01-16 14:17:07.315887,25,-94.00,8.75
2023-01-16 14:17:07.391436,18,-61.00,9.25
2023-01-16 14:17:07.427261,25,-94.00,8.75
2023-01-16 14:17:07.504563,18,-61.00,9.25
2023-01-16 14:17:07.541384,25,-94.00,8.75
2023-01-16 14:17:07.617351,18,-61.00,9.25
2023-01-16 14:17:07.653157,25,-93.00,8.5
2023-01-16 14:17:07.730859,18,-61.00,9.25
2023-01-16 14:17:07.766465,25,-94.00,9.0
2023-01-16 14:17:07.843451,18,-61.00,9.0
2023-01-16 14:17:07.880701,25,-94.00,9.0
2023-01-16 14:17:07.956594,18,-61.00,9.25
2023-01-16 14:17:07.992683,25,-94.00,9.25
2023-01-16 14:17:08.069417,18,-61.00,9.75
2023-01-16 14:17:08.106555,25,-94.00,8.75
2023-01-16 14:17:08.182439,18,-62.00,9.5
2023-01-16 14:17:08.218153,25,-94.00,9.0
2023-01-16 14:17:08.295350,18,-61.00,9.0
2023-01-16 14:17:08.331717,25,-93.00,8.75
2023-01-16 14:17:08.408436,18,-61.00,9.0
2023-01-16 14:17:08.444107,25,-94.00,9.5
2023-01-16 14:17:08.521442,18,-61.00,9.25
2023-01-16 14:17:08.557551,25,-94.00,9.0
2023-01-16 14:17:08.634397,18,-61.00,9.5
2023-01-16 14:17:08.673599,25,-94.00,8.5
2023-01-16 14:17:08.747414,18,-61.00,9.0
2023-01-16 14:17:08.783387,25,-93.00,8.75
2023-01-16 14:17:08.860260,18,-61.00,9.0
2023-01-16 14:17:08.896309,25,-94.00,8.5
2023-01-16 14:17:08.973563,18,-61.00,9.0
2023-01-16 14:17:09.009794,25,-94.00,9.0
2023-01-16 14:17:09.086337,18,-61.00,9.0
2023-01-16 14:17:09.123768,25,-94.00,8.75
2023-01-16 14:17:09.199371,18,-61.00,9.25
2023-01-16 14:17:09.235422,25,-94.00,8.75
2023-01-16 14:17:09.312496,18,-61.00,9.0
2023-01-16 14:17:09.348362,25,-94.00,8.75
2023-01-16 14:17:09.425495,18,-61.00,9.5
2023-01-16 14:17:09.461064,25,-94.00,8.75
2023-01-16 14:17:09.538484,18,-61.00,9.0
2023-01-16 14:17:09.574470,25,-94.00,9.0
2023-01-16 14:17:09.651272,18,-61.00,9.25
2023-01-16 14:17:09.687051,25,-93.00,9.0
2023-01-16 14:17:09.765065,18,-61.00,9.0
2023-01-16 14:17:09.800537,25,-94.00,9.0
2023-01-16 14:17:09.877375,18,-61.00,9.5
2023-01-16 14:17:09.914870,25,-93.00,9.0
2023-01-16 14:17:09.990572,18,-61.00,9.25
2023-01-16 14:17:10.026091,25,-93.00,8.5
2023-01-16 14:17:10.103363,18,-61.00,9.25
2023-01-16 14:17:10.140889,25,-93.00,9.25
2023-01-16 14:17:10.216450,18,-61.00,9.25
2023-01-16 14:17:10.252019,25,-93.00,9.0
2023-01-16 14:17:10.329476,18,-61.00,9.0
2023-01-16 14:17:10.365718,25,-94.00,8.75
2023-01-16 14:17:10.442385,18,-61.00,9.0
2023-01-16 14:17:10.478028,25,-93.00,9.0
2023-01-16 14:17:10.555468,18,-61.00,9.25
2023-01-16 14:17:10.591038,25,-93.00,8.75
2023-01-16 14:17:10.668375,18,-61.00,9.0
2023-01-16 14:17:10.704069,25,-94.00,8.75
2023-01-16 14:17:10.781485,18,-61.00,9.5
2023-01-16 14:17:10.816995,25,-94.00,9.0
2023-01-16 14:17:10.894588,18,-61.00,9.25
2023-01-16 14:17:10.930102,25,-94.00,9.0
2023-01-16 14:17:11.007462,18,-61.00,9.25
2023-01-16 14:17:11.042990,25,-94.00,9.0
2023-01-16 14:17:11.120341,18,-61.00,9.0
2023-01-16 14:17:11.157290,25,-94.00,8.75
2023-01-16 14:17:11.233295,18,-61.00,9.25
2023-01-16 14:17:11.269000,25,-94.00,9.0
2023-01-16 14:17:11.347156,18,-61.00,9.0
2023-01-16 14:17:11.382740,25,-94.00,9.0
2023-01-16 14:17:11.459342,18,-61.00,9.5
2023-01-16 14:17:11.495154,25,-94.00,9.0
2023-01-16 14:17:11.572553,18,-61.00,9.0
2023-01-16 14:17:11.608370,25,-94.00,9.25
2023-01-16 14:17:11.685372,18,-61.00,9.0
2023-01-16 14:17:11.724087,25,-94.00,9.0
2023-01-16 14:17:11.798276,18,-61.00,9.0
2023-01-16 14:17:11.834071,25,-94.00,9.0
2023-01-16 14:17:11.911344,18,-61.00,9.5
2023-01-16 14:17:11.948658,25,-94.00,8.5
2023-01-16 14:17:12.024350,18,-61.00,9.5
2023-01-16 14:17:12.059971,25,-94.00,9.0
2023-01-16 14:17:12.137537,18,-61.00,9.0
2023-01-16 14:17:12.173131,25,-94.00,9.25
2023-01-16 14:17:12.250349,18,-61.00,9.5
2023-01-16 14:17:12.286057,25,-94.00,8.75
2023-01-16 14:17:12.363416,18,-61.00,9.5
2023-01-16 14:17:12.399295,25,-94.00,8.75
2023-01-16 14:17:12.476318,18,-61.00,9.5
2023-01-16 14:17:12.512011,25,-94.00,9.25
2023-01-16 14:17:12.589743,18,-61.00,9.0
2023-01-16 14:17:12.626640,25,-94.00,8.75
2023-01-16 14:17:12.702349,18,-61.00,9.25
2023-01-16 14:17:12.739153,25,-94.00,9.25
2023-01-16 14:17:12.815467,18,-61.00,9.25
2023-01-16 14:17:12.851093,25,-94.00,8.75
2023-01-16 14:17:12.928375,18,-61.00,9.25
2023-01-16 14:17:12.964963,25,-94.00,9.5
2023-01-16 14:17:13.041369,18,-61.00,8.75
2023-01-16 14:17:13.077137,25,-94.00,9.0
2023-01-16 14:17:13.154676,18,-61.00,9.0
2023-01-16 14:17:13.190296,25,-94.00,9.0
2023-01-16 14:17:13.267341,18,-61.00,8.75
2023-01-16 14:17:13.302996,25,-94.00,9.0
2023-01-16 14:17:13.380341,18,-61.00,9.25
2023-01-16 14:17:13.416352,25,-94.00,9.0
2023-01-16 14:17:13.493327,18,-61.00,9.0
2023-01-16 14:17:13.530150,25,-94.00,8.75
2023-01-16 14:17:13.606408,18,-61.00,9.25
2023-01-16 14:17:13.642062,25,-94.00,9.0
2023-01-16 14:17:13.719406,18,-61.00,10.0
2023-01-16 14:17:13.756909,25,-94.00,8.75
2023-01-16 14:17:13.832312,18,-61.00,9.25
2023-01-16 14:17:13.868006,25,-94.00,9.0
2023-01-16 14:17:13.945232,18,-61.00,9.75
2023-01-16 14:17:13.981620,25,-94.00,9.25
2023-01-16 14:17:14.058270,18,-61.00,9.25
2023-01-16 14:17:14.094185,25,-94.00,8.75
2023-01-16 14:17:14.174250,18,-61.00,9.25
2023-01-16 14:17:14.207116,25,-94.00,8.75
2023-01-16 14:17:14.284299,18,-61.00,9.25
2023-01-16 14:17:14.319980,25,-93.00,9.5
2023-01-16 14:17:14.397402,18,-61.00,9.25
2023-01-16 14:17:14.433135,25,-94.00,8.75
2023-01-16 14:17:14.510232,18,-61.00,8.75
2023-01-16 14:17:14.548492,25,-94.00,8.75
2023-01-16 14:17:14.623873,18,-61.00,9.0
2023-01-16 14:17:14.658959,25,-94.00,9.0
2023-01-16 14:17:14.736318,18,-61.00,9.0
2023-01-16 14:17:14.773424,25,-94.00,9.25
2023-01-16 14:17:14.849327,18,-61.00,9.25
2023-01-16 14:17:14.885005,25,-94.00,9.0
2023-01-16 14:17:14.962534,18,-61.00,9.5
2023-01-16 14:17:14.999253,25,-94.00,9.25
2023-01-16 14:17:15.075297,18,-61.00,9.5
2023-01-16 14:17:15.110930,25,-94.00,9.0
2023-01-16 14:17:15.188876,18,-61.00,8.75
2023-01-16 14:17:15.224015,25,-94.00,8.75
2023-01-16 14:17:15.301463,18,-61.00,9.75
2023-01-16 14:17:15.337085,25,-94.00,9.0
2023-01-16 14:17:15.414378,18,-61.00,9.0
2023-01-16 14:17:15.450776,25,-94.00,8.75
2023-01-16 14:17:15.527307,18,-61.00,9.25
2023-01-16 14:17:15.565192,25,-94.00,8.75
2023-01-16 14:17:15.640469,18,-61.00,9.25
2023-01-16 14:17:15.676016,25,-93.00,9.0
2023-01-16 14:17:15.753189,18,-61.00,9.5
2023-01-16 14:17:15.790463,25,-94.00,9.0
2023-01-16 14:17:15.866333,18,-61.00,9.5
2023-01-16 14:17:15.902046,25,-93.00,8.25
2023-01-16 14:17:15.979405,18,-61.00,9.25
2023-01-16 14:17:16.015260,25,-94.00,8.75
2023-01-16 14:17:16.092268,18,-61.00,9.25
2023-01-16 14:17:16.128079,25,-94.00,8.75
2023-01-16 14:17:16.205395,18,-61.00,9.0
2023-01-16 14:17:16.241085,25,-94.00,8.75
2023-01-16 14:17:16.318197,18,-61.00,9.0
2023-01-16 14:17:16.356928,25,-94.00,9.0
2023-01-16 14:17:16.431288,18,-61.00,9.5
2023-01-16 14:17:16.467048,25,-94.00,9.0
2023-01-16 14:17:16.544469,18,-61.00,9.5
2023-01-16 14:17:16.581768,25,-94.00,9.0
2023-01-16 14:17:16.657300,18,-61.00,9.0
2023-01-16 14:17:16.694059,25,-94.00,8.75
2023-01-16 14:17:16.770367,18,-61.00,9.0
2023-01-16 14:17:16.805984,25,-94.00,9.25
2023-01-16 14:17:16.883270,18,-61.00,9.75
2023-01-16 14:17:16.919054,25,-94.00,8.75
2023-01-16 14:17:16.996358,18,-61.00,8.75
2023-01-16 14:17:17.032474,25,-94.00,9.0
2023-01-16 14:17:17.109225,18,-61.00,9.0
2023-01-16 14:17:17.144945,25,-94.00,8.75
2023-01-16 14:17:17.222294,18,-61.00,9.25
2023-01-16 14:17:17.258226,25,-94.00,8.5
2023-01-16 14:17:17.335282,18,-61.00,9.25
2023-01-16 14:17:17.372630,25,-94.00,9.25
2023-01-16 14:17:17.448483,18,-61.00,9.0
2023-01-16 14:17:17.484488,25,-94.00,9.0
2023-01-16 14:17:17.561291,18,-61.00,9.25
2023-01-16 14:17:17.598928,25,-94.00,9.0
2023-01-16 14:17:17.674342,18,-61.00,9.5
2023-01-16 14:17:17.709927,25,-94.00,9.25
2023-01-16 14:17:17.787493,18,-61.00,9.25
2023-01-16 14:17:17.823475,25,-94.00,9.25
2023-01-16 14:17:17.900272,18,-61.00,9.0
2023-01-16 14:17:17.935947,25,-94.00,9.0
2023-01-16 14:17:18.013370,18,-61.00,9.25
2023-01-16 14:17:18.049252,25,-94.00,9.0
2023-01-16 14:17:18.126242,18,-61.00,9.75
2023-01-16 14:17:18.162294,25,-94.00,9.0
2023-01-16 14:17:18.239389,18,-61.00,9.25
2023-01-16 14:17:18.274920,25,-94.00,8.75
2023-01-16 14:17:18.352236,18,-61.00,8.75
2023-01-16 14:17:18.389852,25,-94.00,9.0
2023-01-16 14:17:18.465387,18,-61.00,9.5
2023-01-16 14:17:18.501091,25,-94.00,8.75
2023-01-16 14:17:18.578258,18,-61.00,9.0
2023-01-16 14:17:18.614132,25,-94.00,9.0
2023-01-16 14:17:18.691291,18,-61.00,9.0
2023-01-16 14:17:18.726847,25,-94.00,8.75
2023-01-16 14:17:18.805075,18,-61.00,9.25
2023-01-16 14:17:18.839908,25,-94.00,9.0
2023-01-16 14:17:18.917231,18,-61.00,9.0
2023-01-16 14:17:18.952953,25,-93.00,9.0
2023-01-16 14:17:19.030528,18,-61.00,9.5
2023-01-16 14:17:19.066151,25,-94.00,8.75
2023-01-16 14:17:19.143269,18,-61.00,9.25
2023-01-16 14:17:19.180095,25,-94.00,8.75
2023-01-16 14:17:19.256298,18,-61.00,9.0
2023-01-16 14:17:19.291906,25,-94.00,8.5
2023-01-16 14:17:19.369230,18,-61.00,9.25
2023-01-16 14:17:19.406845,25,-94.00,9.0
2023-01-16 14:17:19.482500,18,-61.00,9.25
2023-01-16 14:17:19.517882,25,-94.00,8.5
2023-01-16 14:17:19.595255,18,-61.00,9.5
2023-01-16 14:17:19.631473,25,-94.00,8.75
2023-01-16 14:17:19.708306,18,-61.00,9.25
2023-01-16 14:17:19.743938,25,-94.00,9.0
2023-01-16 14:17:19.821277,18,-61.00,9.25
2023-01-16 14:17:19.857355,25,-94.00,9.0
2023-01-16 14:17:19.934369,18,-61.00,10.0
2023-01-16 14:17:19.969893,25,-94.00,9.25
2023-01-16 14:17:20.047414,18,-61.00,9.25
2023-01-16 14:17:20.082955,25,-94.00,9.0
2023-01-16 14:17:20.160225,18,-61.00,9.25
2023-01-16 14:17:20.197700,25,-94.00,9.0
2023-01-16 14:17:20.273419,18,-61.00,9.25
2023-01-16 14:17:20.309626,25,-94.00,8.75
2023-01-16 14:17:20.386209,18,-61.00,9.75
2023-01-16 14:17:20.423393,25,-94.00,8.75
2023-01-16 14:17:20.499346,18,-61.00,9.5
2023-01-16 14:17:20.534890,25,-94.00,8.5
2023-01-16 14:17:20.612401,18,-61.00,9.0
2023-01-16 14:17:20.648306,25,-94.00,8.75
2023-01-16 14:17:20.725209,18,-61.00,9.5
2023-01-16 14:17:20.761430,25,-94.00,9.0
2023-01-16 14:17:20.838228,18,-61.00,9.25
2023-01-16 14:17:20.873913,25,-94.00,9.0
2023-01-16 14:17:20.951188,18,-61.00,9.25
2023-01-16 14:17:20.987170,25,-93.00,9.0
2023-01-16 14:17:21.064334,18,-61.00,9.5
2023-01-16 14:17:21.100062,25,-94.00,8.75
2023-01-16 14:17:21.177184,18,-61.00,9.25
2023-01-16 14:17:21.214006,25,-94.00,8.5
2023-01-16 14:17:21.290170,18,-61.00,9.0
2023-01-16 14:17:21.325787,25,-94.00,9.5
2023-01-16 14:17:21.403183,18,-61.00,8.75
2023-01-16 14:17:21.440451,25,-94.00,9.0
2023-01-16 14:17:21.516145,18,-61.00,8.75
2023-01-16 14:17:21.551835,25,-94.00,9.0
2023-01-16 14:17:21.629386,18,-61.00,9.0
2023-01-16 14:17:21.665128,25,-93.00,9.0
2023-01-16 14:17:21.742174,18,-61.00,9.25
2023-01-16 14:17:21.777834,25,-93.00,9.0
2023-01-16 14:17:21.856411,18,-61.00,9.25
2023-01-16 14:17:21.890968,25,-94.00,9.25
2023-01-16 14:17:21.968140,18,-61.00,9.5
2023-01-16 14:17:22.004654,25,-93.00,8.75
2023-01-16 14:17:22.081278,18,-61.00,9.0
2023-01-16 14:17:22.116889,25,-94.00,8.75
2023-01-16 14:17:22.194222,18,-61.00,9.5
2023-01-16 14:17:22.232196,25,-94.00,9.0
2023-01-16 14:17:22.307192,18,-61.00,9.25
2023-01-16 14:17:22.342875,25,-93.00,9.0
2023-01-16 14:17:22.420166,18,-61.00,9.25
2023-01-16 14:17:22.456958,25,-94.00,8.5
2023-01-16 14:17:22.533170,18,-61.00,9.0
2023-01-16 14:17:22.568891,25,-94.00,9.0
2023-01-16 14:17:22.647004,18,-61.00,9.25
2023-01-16 14:17:22.681976,25,-94.00,9.0
2023-01-16 14:17:22.759212,18,-61.00,9.25
2023-01-16 14:17:22.795013,25,-94.00,9.25
2023-01-16 14:17:22.872329,18,-61.00,9.25
2023-01-16 14:17:22.907958,25,-94.00,9.25
2023-01-16 14:17:22.985193,18,-61.00,9.0
2023-01-16 14:17:23.021022,25,-94.00,8.75
2023-01-16 14:17:23.098256,18,-61.00,9.5
2023-01-16 14:17:23.133961,25,-94.00,8.75
2023-01-16 14:17:23.211121,18,-61.00,9.25
2023-01-16 14:17:23.246902,25,-94.00,8.75
2023-01-16 14:17:23.324162,18,-61.00,9.75
2023-01-16 14:17:23.359869,25,-94.00,9.0
2023-01-16 14:17:23.437358,18,-61.00,9.25
2023-01-16 14:17:23.473363,25,-94.00,8.5
2023-01-16 14:17:23.550176,18,-61.00,9.25
2023-01-16 14:17:23.586141,25,-94.00,9.25
2023-01-16 14:17:23.663254,18,-61.00,9.0
2023-01-16 14:17:23.699130,25,-94.00,9.25
2023-01-16 14:17:23.776147,18,-61.00,9.5
2023-01-16 14:17:23.811894,25,-94.00,9.0
2023-01-16 14:17:23.889431,18,-61.00,9.5
2023-01-16 14:17:23.924850,25,-94.00,9.0
2023-01-16 14:17:24.002223,18,-61.00,9.75
2023-01-16 14:17:24.039305,25,-93.00,8.75
2023-01-16 14:17:24.115235,18,-61.00,9.5
2023-01-16 14:17:24.151896,25,-93.00,9.0
2023-01-16 14:17:24.228153,18,-61.00,9.0
2023-01-16 14:17:24.264674,25,-93.00,8.75
2023-01-16 14:17:24.341158,18,-61.00,9.25
2023-01-16 14:17:24.376877,25,-94.00,9.25
2023-01-16 14:17:24.454204,18,-61.00,9.25
2023-01-16 14:17:24.490285,25,-94.00,9.0
2023-01-16 14:17:24.567166,18,-61.00,9.0
2023-01-16 14:17:24.602841,25,-94.00,8.5
2023-01-16 14:17:24.680316,18,-61.00,9.5
2023-01-16 14:17:24.715856,25,-93.00,9.0
2023-01-16 14:17:24.793142,18,-61.00,9.5
2023-01-16 14:17:24.830054,25,-94.00,9.0
2023-01-16 14:17:24.906152,18,-61.00,9.0
2023-01-16 14:17:24.941898,25,-94.00,9.0
2023-01-16 14:17:25.019205,18,-61.00,9.75
2023-01-16 14:17:25.056022,25,-93.00,9.0
2023-01-16 14:17:25.132369,18,-61.00,9.75
2023-01-16 14:17:25.168747,25,-94.00,8.75
2023-01-16 14:17:25.245153,18,-61.00,9.5
2023-01-16 14:17:25.282009,25,-93.00,9.0
2023-01-16 14:17:25.358236,18,-61.00,9.25
2023-01-16 14:17:25.393703,25,-94.00,9.0
2023-01-16 14:17:25.471254,18,-61.00,9.25
2023-01-16 14:17:25.506843,25,-94.00,9.0
2023-01-16 14:17:25.584273,18,-61.00,10.0
2023-01-16 14:17:25.624887,25,-94.00,8.75
2023-01-16 14:17:25.697321,18,-61.00,9.25
2023-01-16 14:17:25.732900,25,-94.00,9.0
2023-01-16 14:17:25.810175,18,-61.00,9.0
2023-01-16 14:17:25.847824,25,-94.00,9.0
2023-01-16 14:17:25.923403,18,-61.00,9.25
2023-01-16 14:17:25.958835,25,-94.00,9.0
2023-01-16 14:17:26.071920,25,-80.00,9.5
2023-01-16 14:17:26.149165,18,-61.00,9.0
2023-01-16 14:17:26.184868,25,-94.00,9.5
2023-01-16 14:17:26.265808,18,-61.00,9.0
2023-01-16 14:17:26.298175,25,-93.00,9.25
2023-01-16 14:17:26.375212,18,-61.00,9.25
2023-01-16 14:17:26.410863,25,-93.00,9.0
2023-01-16 14:17:26.488267,18,-61.00,9.25
2023-01-16 14:17:26.524045,25,-93.00,9.0
2023-01-16 14:17:26.601216,18,-61.00,9.75
2023-01-16 14:17:26.637081,25,-93.00,9.25
2023-01-16 14:17:26.714291,18,-61.00,8.75
2023-01-16 14:17:26.749961,25,-94.00,9.0
2023-01-16 14:17:26.827198,18,-61.00,8.5
2023-01-16 14:17:26.864916,25,-94.00,9.0
2023-01-16 14:17:26.940108,18,-61.00,9.0
2023-01-16 14:17:26.975818,25,-94.00,9.0
2023-01-16 14:17:27.053270,18,-61.00,9.25
2023-01-16 14:17:27.088777,25,-94.00,9.25
2023-01-16 14:17:27.166076,18,-61.00,9.5
2023-01-16 14:17:27.202057,25,-93.00,9.25
2023-01-16 14:17:27.279266,18,-61.00,9.25
2023-01-16 14:17:27.315189,25,-94.00,9.0
2023-01-16 14:17:27.392249,18,-61.00,8.75
2023-01-16 14:17:27.427831,25,-94.00,9.5
2023-01-16 14:17:27.505259,18,-61.00,9.0
2023-01-16 14:17:27.540951,25,-93.00,9.0
2023-01-16 14:17:27.618471,18,-61.00,8.75
2023-01-16 14:17:27.655666,25,-94.00,9.0
2023-01-16 14:17:27.731415,18,-61.00,9.5
2023-01-16 14:17:27.767654,25,-94.00,9.0
2023-01-16 14:17:27.844195,18,-61.00,9.0
2023-01-16 14:17:27.881616,25,-93.00,9.0
2023-01-16 14:17:27.957297,18,-61.00,9.5
2023-01-16 14:17:27.992822,25,-94.00,8.75
2023-01-16 14:17:28.070305,18,-61.00,9.0
2023-01-16 14:17:28.106525,25,-94.00,9.0
2023-01-16 14:17:28.183173,18,-61.00,9.25
2023-01-16 14:17:28.220414,25,-93.00,8.75
2023-01-16 14:17:28.296099,18,-61.00,9.25
2023-01-16 14:17:28.332127,25,-93.00,9.25
2023-01-16 14:17:28.409060,18,-61.00,9.0
2023-01-16 14:17:28.445110,25,-93.00,8.75
2023-01-16 14:17:28.522215,18,-61.00,9.25
2023-01-16 14:17:28.557862,25,-94.00,8.75
2023-01-16 14:17:28.635027,18,-61.00,9.0
2023-01-16 14:17:28.672143,25,-93.00,9.25
2023-01-16 14:17:28.748361,18,-61.00,9.0
2023-01-16 14:17:28.783845,25,-94.00,8.75
2023-01-16 14:17:28.861121,18,-61.00,9.5
2023-01-16 14:17:28.897887,25,-94.00,9.25
2023-01-16 14:17:28.974240,18,-61.00,9.5
2023-01-16 14:17:29.009926,25,-94.00,8.75
2023-01-16 14:17:29.087220,18,-61.00,9.0
2023-01-16 14:17:29.122839,25,-95.00,8.75
2023-01-16 14:17:29.200136,18,-61.00,9.0
2023-01-16 14:17:29.235852,25,-95.00,8.75
2023-01-16 14:17:29.313254,18,-61.00,8.75
2023-01-16 14:17:29.348830,25,-94.00,8.5
2023-01-16 14:17:29.426202,18,-61.00,9.25
2023-01-16 14:17:29.462356,25,-94.00,9.0
2023-01-16 14:17:29.539314,18,-61.00,9.5
2023-01-16 14:17:29.576296,25,-94.00,8.75
2023-01-16 14:17:29.652111,18,-61.00,9.5
2023-01-16 14:17:29.690602,25,-94.00,8.25
2023-01-16 14:17:29.765130,18,-61.00,9.0
2023-01-16 14:17:29.800800,25,-94.00,8.5
2023-01-16 14:17:29.878130,18,-61.00,9.0
2023-01-16 14:17:29.915658,25,-94.00,8.75
2023-01-16 14:17:29.991131,18,-61.00,9.5
2023-01-16 14:17:30.026767,25,-93.00,9.0
2023-01-16 14:17:30.105506,18,-61.00,9.0
2023-01-16 14:17:30.139882,25,-93.00,9.0
2023-01-16 14:17:30.217142,18,-61.00,9.0
2023-01-16 14:17:30.252747,25,-94.00,9.0
2023-01-16 14:17:30.330285,18,-61.00,9.5
2023-01-16 14:17:30.366334,25,-94.00,9.0
2023-01-16 14:17:30.443130,18,-61.00,9.25
2023-01-16 14:17:30.479916,25,-93.00,8.75
2023-01-16 14:17:30.556256,18,-61.00,9.0
2023-01-16 14:17:30.591767,25,-93.00,9.25
2023-01-16 14:17:30.669203,18,-61.00,9.75
2023-01-16 14:17:30.704781,25,-93.00,9.0
2023-01-16 14:17:30.782138,18,-61.00,8.75
2023-01-16 14:17:30.817875,25,-94.00,8.75
2023-01-16 14:17:30.895146,18,-61.00,9.25
2023-01-16 14:17:30.930862,25,-94.00,9.0
2023-01-16 14:17:31.008166,18,-61.00,9.25
2023-01-16 14:17:31.043638,25,-94.00,9.0
2023-01-16 14:17:31.121186,18,-61.00,9.75
2023-01-16 14:17:31.157242,25,-94.00,8.25
2023-01-16 14:17:31.234126,18,-61.00,9.0
2023-01-16 14:17:31.269835,25,-94.00,9.25
2023-01-16 14:17:31.347531,18,-61.00,9.25
2023-01-16 14:17:31.382734,25,-94.00,9.0
2023-01-16 14:17:31.460130,18,-61.00,9.25
2023-01-16 14:17:31.497754,25,-94.00,9.0
2023-01-16 14:17:31.573297,18,-61.00,9.25
2023-01-16 14:17:31.608668,25,-94.00,9.5
2023-01-16 14:17:31.686059,18,-61.00,9.0
2023-01-16 14:17:31.722775,25,-94.00,9.0
2023-01-16 14:17:31.799230,18,-61.00,9.25
2023-01-16 14:17:31.834705,25,-93.00,8.75
2023-01-16 14:17:31.912268,18,-61.00,9.0
2023-01-16 14:17:31.948152,25,-93.00,8.75
2023-01-16 14:17:32.025100,18,-61.00,9.25
2023-01-16 14:17:32.060708,25,-94.00,9.0
2023-01-16 14:17:32.138122,18,-61.00,9.25
2023-01-16 14:17:32.173983,25,-94.00,8.75
2023-01-16 14:17:32.251088,18,-61.00,9.25
2023-01-16 14:17:32.286675,25,-94.00,9.25
2023-01-16 14:17:32.364178,18,-61.00,9.25
2023-01-16 14:17:32.399744,25,-94.00,9.0
2023-01-16 14:17:32.477090,18,-61.00,9.25
2023-01-16 14:17:32.514991,25,-94.00,9.25
2023-01-16 14:17:32.590114,18,-61.00,9.25
2023-01-16 14:17:32.626878,25,-94.00,9.25
2023-01-16 14:17:32.703087,18,-61.00,9.0
2023-01-16 14:17:32.740025,25,-94.00,8.75
2023-01-16 14:17:32.816156,18,-61.00,9.25
2023-01-16 14:17:32.853297,25,-94.00,9.25
2023-01-16 14:17:32.929128,18,-61.00,9.25
2023-01-16 14:17:32.966720,25,-93.00,9.0
2023-01-16 14:17:33.042033,18,-61.00,9.5
2023-01-16 14:17:33.077624,25,-94.00,9.25
2023-01-16 14:17:33.155069,18,-61.00,9.0
2023-01-16 14:17:33.190587,25,-93.00,9.0
2023-01-16 14:17:33.268101,18,-61.00,9.5
2023-01-16 14:17:33.303626,25,-94.00,9.0
2023-01-16 14:17:33.381327,18,-61.00,9.75
2023-01-16 14:17:33.416812,25,-94.00,9.25
2023-01-16 14:17:33.494070,18,-61.00,9.25
2023-01-16 14:17:33.531872,25,-94.00,9.25
2023-01-16 14:17:33.607085,18,-61.00,8.5
2023-01-16 14:17:33.642720,25,-94.00,9.25
2023-01-16 14:17:33.720229,18,-61.00,9.25
2023-01-16 14:17:33.757289,25,-94.00,9.25
2023-01-16 14:17:33.833011,18,-61.00,9.0
2023-01-16 14:17:33.868750,25,-94.00,8.75
2023-01-16 14:17:33.946166,18,-61.00,9.25
2023-01-16 14:17:33.982599,25,-94.00,8.5
2023-01-16 14:17:34.059134,18,-61.00,9.0
2023-01-16 14:17:34.094715,25,-93.00,9.25
2023-01-16 14:17:34.172183,18,-61.00,9.0
2023-01-16 14:17:34.207939,25,-94.00,8.75
2023-01-16 14:17:34.285046,18,-61.00,9.0
2023-01-16 14:17:34.322658,25,-93.00,8.75
2023-01-16 14:17:34.398167,18,-61.00,9.25
2023-01-16 14:17:34.433645,25,-94.00,8.75
2023-01-16 14:17:34.511059,18,-61.00,9.0
2023-01-16 14:17:34.548434,25,-94.00,8.5
2023-01-16 14:17:34.624624,18,-61.00,9.25
2023-01-16 14:17:34.659673,25,-94.00,9.0
2023-01-16 14:17:34.737233,18,-61.00,9.5
2023-01-16 14:17:34.773076,25,-94.00,8.5
2023-01-16 14:17:34.850065,18,-61.00,9.0
2023-01-16 14:17:34.885676,25,-94.00,9.5
2023-01-16 14:17:34.963084,18,-61.00,9.0
2023-01-16 14:17:34.998645,25,-93.00,8.75
2023-01-16 14:17:35.076163,18,-61.00,9.5
2023-01-16 14:17:35.112080,25,-94.00,9.0
2023-01-16 14:17:35.189078,18,-61.00,9.25
2023-01-16 14:17:35.224581,25,-94.00,8.5
2023-01-16 14:17:35.302060,18,-61.00,9.25
2023-01-16 14:17:35.339490,25,-94.00,9.0
2023-01-16 14:17:35.415139,18,-61.00,9.5
2023-01-16 14:17:35.451266,25,-94.00,9.0
2023-01-16 14:17:35.528054,18,-61.00,9.0
2023-01-16 14:17:35.564792,25,-93.00,9.0
2023-01-16 14:17:35.641066,18,-61.00,8.75
2023-01-16 14:17:35.676792,25,-94.00,8.75
2023-01-16 14:17:35.754207,18,-61.00,8.75
2023-01-16 14:17:35.789850,25,-94.00,9.25
2023-01-16 14:17:35.866981,18,-61.00,9.5
2023-01-16 14:17:35.902709,25,-94.00,9.0
2023-01-16 14:17:35.980213,18,-61.00,9.25
2023-01-16 14:17:36.015768,25,-94.00,8.25
2023-01-16 14:17:36.093025,18,-61.00,8.75
2023-01-16 14:17:36.129935,25,-94.00,8.75
2023-01-16 14:17:36.206197,18,-61.00,9.25
2023-01-16 14:17:36.241676,25,-94.00,8.75
2023-01-16 14:17:36.319044,18,-61.00,9.0
2023-01-16 14:17:36.356413,25,-94.00,9.0
2023-01-16 14:17:36.432066,18,-61.00,9.25
2023-01-16 14:17:36.467621,25,-94.00,9.25
2023-01-16 14:17:36.545084,18,-61.00,9.0
2023-01-16 14:17:36.581025,25,-94.00,8.75
2023-01-16 14:17:36.657963,18,-61.00,9.0
2023-01-16 14:17:36.693623,25,-93.00,8.75
2023-01-16 14:17:36.771201,18,-61.00,9.25
2023-01-16 14:17:36.806620,25,-94.00,9.0
2023-01-16 14:17:36.884028,18,-61.00,9.5
2023-01-16 14:17:36.919633,25,-94.00,9.25
2023-01-16 14:17:36.996960,18,-61.00,9.25
2023-01-16 14:17:37.032915,25,-94.00,8.5
2023-01-16 14:17:37.109975,18,-61.00,9.5
2023-01-16 14:17:37.146837,25,-93.00,8.5
2023-01-16 14:17:37.223126,18,-61.00,9.25
2023-01-16 14:17:37.260368,25,-94.00,9.0
2023-01-16 14:17:37.335940,18,-61.00,9.25
2023-01-16 14:17:37.374577,25,-94.00,9.0
2023-01-16 14:17:37.448958,18,-61.00,9.5
2023-01-16 14:17:37.484692,25,-94.00,9.25
2023-01-16 14:17:37.563005,18,-61.00,9.25
2023-01-16 14:17:37.598065,25,-94.00,8.5
2023-01-16 14:17:37.674943,18,-61.00,9.0
2023-01-16 14:17:37.710686,25,-94.00,8.75
2023-01-16 14:17:37.788065,18,-61.00,9.0
2023-01-16 14:17:37.824415,25,-94.00,8.75
2023-01-16 14:17:37.901354,18,-61.00,9.25
2023-01-16 14:17:37.936793,25,-94.00,8.25
2023-01-16 14:17:38.014240,18,-61.00,9.0
2023-01-16 14:17:38.049837,25,-94.00,8.75
2023-01-16 14:17:38.127062,18,-61.00,9.25
2023-01-16 14:17:38.164760,25,-94.00,8.75
2023-01-16 14:17:38.239998,18,-61.00,9.25
2023-01-16 14:17:38.275651,25,-94.00,9.0
2023-01-16 14:17:38.353120,18,-61.00,10.0
2023-01-16 14:17:38.389237,25,-94.00,8.75
2023-01-16 14:17:38.465928,18,-61.00,9.5
2023-01-16 14:17:38.501633,25,-94.00,8.5
2023-01-16 14:17:38.578982,18,-61.00,9.25
2023-01-16 14:17:38.614870,25,-94.00,8.75
2023-01-16 14:17:38.692030,18,-61.00,9.25
2023-01-16 14:17:38.727539,25,-94.00,8.75
2023-01-16 14:17:38.804941,18,-61.00,9.25
2023-01-16 14:17:38.840724,25,-94.00,9.0
2023-01-16 14:17:38.917910,18,-62.00,9.0
2023-01-16 14:17:38.954145,25,-94.00,8.5
2023-01-16 14:17:39.031116,18,-61.00,9.5
2023-01-16 14:17:39.066566,25,-94.00,8.75
2023-01-16 14:17:39.144080,18,-61.00,9.25
2023-01-16 14:17:39.181183,25,-94.00,9.0
2023-01-16 14:17:39.257007,18,-61.00,9.25
2023-01-16 14:17:39.292607,25,-94.00,9.0
2023-01-16 14:17:39.370197,18,-61.00,9.5
2023-01-16 14:17:39.405744,25,-94.00,8.75
2023-01-16 14:17:39.483223,18,-61.00,9.0
2023-01-16 14:17:39.518896,25,-94.00,8.75
